t_ms,ball_cm,vel_cms,acc_x,acc_z,servo_ang,P,D,I,FF,fps,mode,dither
8826142,-1.633,0.00,-0.271,9.872,77.8,-12.2,0.0,0.0,0.0,0.0,S,0
8826220,-1.616,0.64,-0.255,9.705,80.2,-12.0,2.2,0.0,0.0,0.0,S,0
8826297,-1.633,-0.02,-0.226,9.845,77.8,-12.2,-0.1,0.0,0.0,0.0,S,0
8826369,-1.618,0.66,-0.224,9.822,80.3,-12.1,2.3,0.0,0.0,0.0,S,0
8826463,-1.632,-0.01,-0.376,9.820,77.8,-12.2,-0.0,0.0,0.0,0.0,S,0
8826541,-1.639,0.43,-0.267,9.844,79.3,-12.2,1.5,0.0,0.0,0.0,S,0
8826620,-1.628,0.07,-0.254,9.976,78.1,-12.1,0.3,0.0,0.0,0.0,S,0
8826689,-1.713,-1.44,-0.222,9.893,72.1,-12.9,-5.0,0.0,0.0,0.0,S,0
8826781,-1.622,0.25,-0.272,9.919,78.8,-12.1,0.9,0.0,0.0,0.0,S,0
8826862,-1.633,-0.01,-0.219,9.864,77.8,-12.2,-0.0,0.0,0.0,0.0,S,0
8826938,-1.720,-0.81,-0.277,9.890,74.3,-12.9,-2.8,0.0,0.0,34.2,S,0
8827010,-1.617,0.51,-0.288,9.921,79.7,-12.0,1.8,0.0,0.0,34.2,S,0
8827078,-1.634,-0.02,-0.224,9.942,77.7,-12.2,-0.1,0.0,0.0,34.2,S,0
8827152,-1.633,-0.00,-0.250,10.005,77.8,-12.2,-0.0,0.0,0.0,34.2,S,0
8827231,-1.633,0.00,-0.273,9.816,77.8,-12.2,0.0,0.0,0.0,34.2,S,0
8827301,-1.639,0.67,-0.212,9.471,80.1,-12.2,2.3,0.0,0.0,34.2,S,0
8827375,-1.616,0.60,-0.216,9.843,80.1,-12.0,2.1,0.0,0.0,34.2,S,0
8827440,-1.710,-0.48,-0.214,9.731,75.5,-12.8,-1.7,0.0,0.0,34.2,S,0
8827520,-1.696,0.02,-0.281,9.904,77.4,-12.7,0.1,0.0,0.0,34.2,S,0
8827597,-1.621,1.01,-0.288,9.894,81.5,-12.1,3.5,0.0,0.0,34.2,S,0
8827678,-1.619,0.51,-0.271,9.729,79.7,-12.1,1.8,0.0,0.0,40.8,S,0
8827750,-1.636,0.69,-0.279,9.890,80.2,-12.2,2.4,0.0,0.0,40.8,S,0
8827822,-1.705,-0.24,-0.292,10.047,76.3,-12.8,-0.9,0.0,0.0,40.8,S,0
8827899,-1.694,0.01,-0.261,9.872,77.3,-12.7,0.1,0.0,0.0,40.8,S,0
8827991,-1.704,-0.32,-0.318,10.014,76.1,-12.8,-1.1,0.0,0.0,40.8,S,0
8828075,-1.706,-0.44,-0.268,9.863,75.7,-12.8,-1.5,0.0,0.0,40.8,S,0
8828171,-1.698,-0.01,-0.262,9.917,77.2,-12.7,-0.1,0.0,0.0,40.8,S,0
8828254,-1.682,-0.16,-0.257,9.896,76.8,-12.6,-0.5,0.0,0.0,40.8,S,0
8828354,-1.700,-0.09,-0.120,9.525,76.9,-12.7,-0.3,0.0,0.0,40.8,S,0
8828435,-1.696,0.02,-0.267,9.887,77.3,-12.7,0.1,0.0,0.0,40.8,S,0
8828518,-1.694,0.00,-0.215,9.890,77.3,-12.7,0.0,0.0,0.0,35.6,S,0
8828591,-1.696,-0.00,-0.303,9.896,77.3,-12.7,-0.0,0.0,0.0,35.6,S,0
8828669,-1.683,-0.17,-0.275,9.928,76.8,-12.6,-0.6,0.0,0.0,35.6,S,0
8828750,-1.701,-0.11,-0.320,9.927,76.8,-12.8,-0.4,0.0,0.0,35.6,S,0
8828836,-1.696,0.01,-0.284,9.711,77.3,-12.7,0.0,0.0,0.0,35.6,S,0
8828916,-1.615,0.38,-0.230,9.663,79.3,-12.0,1.3,0.0,0.0,35.6,S,0
8828996,-1.705,-0.02,-0.349,10.153,77.2,-12.8,-0.1,0.0,0.0,35.6,S,0
8829084,-1.693,0.04,-0.260,9.962,77.5,-12.7,0.2,0.0,0.0,35.6,S,0
8829167,-1.607,0.63,-0.301,9.908,80.2,-12.0,2.2,0.0,0.0,35.6,S,0
8829233,-1.644,0.26,-0.257,9.985,78.6,-12.3,0.9,0.0,0.0,35.6,S,0
8829318,-1.640,0.32,-0.299,9.720,78.9,-12.2,1.1,0.0,0.0,37.6,S,0
8829385,-1.632,0.85,-0.257,9.864,80.8,-12.2,3.0,0.0,0.0,37.6,S,0
8829466,-1.625,0.12,-0.217,9.864,78.3,-12.1,0.4,0.0,0.0,37.6,S,0
8829561,-1.701,-0.62,-0.251,9.902,75.1,-12.8,-2.2,0.0,0.0,37.6,S,0
8829643,-1.608,0.09,-0.307,9.816,78.3,-12.0,0.3,0.0,0.0,37.6,S,0
8829709,-1.630,0.35,-0.212,9.975,79.1,-12.2,1.2,0.0,0.0,37.6,S,0
8829786,-1.696,-0.41,-0.233,9.820,75.8,-12.7,-1.5,0.0,0.0,37.6,S,0
8829854,-1.700,-0.13,-0.325,9.739,76.8,-12.7,-0.5,0.0,0.0,37.6,S,0
8829932,-0.814,10.90,-0.243,9.899,101.4,-9.0,80.0,0.0,0.0,37.6,D,0
8829999,-0.137,10.53,-0.276,9.797,148.3,-1.5,80.0,0.0,0.0,37.6,D,0
8830074,0.680,8.15,-0.333,9.841,160.0,7.5,80.0,0.0,0.0,39.4,D,0
8830155,1.353,12.13,-0.247,9.891,151.6,14.9,80.0,0.0,0.0,39.4,D,0
8830245,1.851,6.14,-0.259,10.491,160.0,20.4,73.7,0.0,0.0,39.4,D,0
8830321,2.225,5.75,-0.230,9.934,160.0,24.5,69.0,0.0,0.0,39.4,D,0
8830389,2.167,0.77,-0.301,9.924,123.1,23.8,9.2,0.0,0.0,39.4,D,0
8830454,2.137,-0.08,-0.209,9.809,112.5,23.5,-1.0,0.0,0.0,39.4,D,0
8830535,1.966,-1.75,-0.355,9.556,90.7,21.6,-21.0,0.0,0.0,39.4,D,0
8830613,1.697,-2.87,-0.233,9.594,74.3,18.7,-34.4,0.0,0.0,39.4,D,0
8830713,1.205,-3.13,-0.243,9.890,85.1,8.5,-11.0,0.0,0.0,39.4,S,0
8830800,0.684,-4.31,-0.136,10.167,79.0,4.1,-15.1,0.0,0.0,39.4,S,0
8830871,0.259,-4.96,-0.058,9.812,73.1,0.5,-17.4,0.0,0.0,37.5,S,0
8830945,0.064,-3.49,-0.367,10.059,77.8,0.0,-12.2,0.0,0.0,37.5,S,0
8831020,-0.095,-1.77,-0.327,9.975,83.8,0.0,-6.2,0.0,0.0,37.5,S,0
8831099,-0.250,-2.37,-0.246,9.699,81.2,-0.4,-8.3,-0.0,0.0,37.5,S,0
8831204,-0.157,0.20,-0.410,9.929,90.6,0.0,0.7,-0.1,0.0,37.5,S,0
8831314,-0.217,-0.45,-0.402,9.940,88.2,-0.1,-1.6,-0.1,0.0,37.5,S,0
8831389,-0.140,0.28,-0.133,10.034,90.9,0.0,1.0,-0.1,0.0,37.5,S,0
8831466,-0.157,-0.42,-0.276,10.050,88.4,0.0,-1.5,-0.1,0.0,37.5,S,0
8831537,-0.152,-0.03,-0.237,9.869,89.7,0.0,-0.1,-0.2,0.0,37.5,S,0
8831605,-0.070,0.50,-0.252,9.933,91.6,0.0,1.7,-0.2,0.0,37.5,S,0
8831681,-0.081,0.38,-0.246,9.921,91.1,0.0,1.3,-0.2,0.0,37.0,S,0
8831746,-0.153,-0.74,-0.269,10.098,87.2,0.0,-2.6,-0.2,0.0,37.0,S,0
8831819,-0.090,0.46,-0.328,9.900,91.4,0.0,1.6,-0.2,0.0,37.0,S,0
8831890,-0.148,-0.64,-0.356,9.870,87.5,0.0,-2.2,-0.2,0.0,37.0,S,0
8831968,-0.089,0.53,-0.284,9.852,91.6,0.0,1.9,-0.3,0.0,37.0,S,0
8832043,-0.149,-0.51,-0.282,9.861,87.9,0.0,-1.8,-0.3,0.0,37.0,S,0
8832129,-0.076,0.25,-0.268,9.896,90.6,0.0,0.9,-0.3,0.0,37.0,S,0
8832202,-0.161,-1.11,-0.263,9.893,85.8,0.0,-3.9,-0.3,0.0,37.0,S,0
8832283,-0.152,-0.65,-0.272,9.965,87.4,0.0,-2.3,-0.3,0.0,37.0,S,0
8832366,-0.071,0.57,-0.248,9.835,91.7,0.0,2.0,-0.3,0.0,37.0,S,0
8832440,-0.164,-0.43,-0.257,9.836,88.1,0.0,-1.5,-0.4,0.0,39.5,S,0
8832509,-0.149,0.02,-0.261,9.850,89.7,0.0,0.1,-0.4,0.0,39.5,S,0
8832583,-0.072,0.41,-0.175,9.914,91.1,0.0,1.5,-0.4,0.0,39.5,S,0
8832656,-0.096,-0.50,-0.170,9.995,87.8,0.0,-1.7,-0.4,0.0,39.5,S,0
8832732,-0.175,-0.80,-0.355,9.661,86.8,0.0,-2.8,-0.4,0.0,39.5,S,0
8832834,4.190,41.73,-0.224,9.987,158.2,46.1,80.0,0.0,0.0,39.5,D,0
8832904,7.126,41.83,0.074,9.712,160.0,78.4,80.0,0.0,0.0,39.5,D,0
8832970,9.596,41.91,-0.281,10.342,160.0,105.6,80.0,0.0,0.0,39.5,D,0
8833047,12.027,23.10,-0.570,9.723,160.0,132.3,80.0,0.0,0.0,39.5,D,0
8833113,13.201,19.33,0.074,10.126,160.0,145.2,80.0,0.0,0.0,39.5,D,0
8833188,12.441,-5.50,-0.251,9.991,160.0,136.8,-66.1,0.0,0.0,40.3,D,0
8833254,11.872,-8.43,-0.257,10.020,146.7,130.6,-80.0,0.0,0.0,40.3,D,0
8833332,11.088,-6.60,-0.550,9.930,132.7,122.0,-79.2,0.0,0.0,40.3,D,0
8833428,9.836,-7.88,-0.363,9.928,118.2,108.2,-80.0,0.0,0.0,40.3,D,0
8833521,7.429,-22.91,-0.319,9.529,91.7,81.7,-80.0,0.0,0.0,40.3,D,0
8833601,5.825,-25.21,-0.336,9.776,74.1,64.1,-80.0,0.0,0.0,40.3,D,0
8833681,4.512,-14.51,-0.273,9.152,59.6,49.6,-80.0,0.0,0.0,40.3,D,0
8833751,2.797,-23.88,-0.311,9.594,40.8,30.8,-80.0,0.0,0.0,40.3,D,0
8833822,1.602,-16.99,-0.404,9.561,27.6,17.6,-80.0,0.0,0.0,40.3,D,0
8833904,0.059,-18.55,-0.299,9.641,20.0,0.6,-80.0,0.0,0.0,40.3,D,0
8833985,-1.377,-18.03,-0.262,9.915,20.0,-15.1,-80.0,0.0,0.0,37.7,D,0
8834051,-2.122,-15.06,-0.166,9.861,20.0,-23.3,-80.0,0.0,0.0,37.7,D,0
8834128,-2.915,-9.27,-0.312,9.848,20.0,-32.1,-80.0,0.0,0.0,37.7,D,0
8834200,-3.587,-12.81,-0.261,9.898,20.0,-39.5,-80.0,0.0,0.0,37.7,D,0
8834270,-4.057,-6.17,-0.280,9.899,20.0,-44.6,-74.1,0.0,0.0,37.7,D,0
8834350,-4.281,-4.58,-0.215,9.881,20.0,-47.1,-54.9,0.0,0.0,37.7,D,0
8834468,-4.267,-1.21,-0.361,9.445,28.5,-46.9,-14.6,0.0,0.0,37.7,D,0
8834553,-4.167,2.12,-0.226,9.661,47.0,-45.8,25.4,0.0,0.0,37.7,D,0
8834629,-3.835,3.50,-0.403,11.223,89.8,-42.2,42.0,0.0,0.0,37.7,D,0
8834695,-3.416,6.45,-0.304,9.222,120.8,-37.6,77.5,0.0,0.0,37.7,D,0
8834771,-2.829,6.54,-0.293,10.103,137.4,-31.1,78.5,0.0,0.0,38.1,D,0
8834849,-2.160,13.09,-0.195,10.149,139.9,-23.8,80.0,0.0,0.0,38.1,D,0
8834919,-1.601,7.07,-0.238,9.121,152.4,-17.6,80.0,0.0,0.0,38.1,D,0
8834993,-0.823,10.14,-0.440,9.748,160.0,-9.1,80.0,0.0,0.0,38.1,D,0
8835063,-0.316,6.30,-0.260,9.306,160.0,-3.5,75.6,0.0,0.0,38.1,D,0
8835133,0.211,5.17,-0.336,9.953,154.3,2.3,62.0,0.0,0.0,38.1,D,0
8835203,0.716,6.01,-0.304,10.038,160.0,7.9,72.1,0.0,0.0,38.1,D,0
8835277,0.781,2.34,-0.200,9.945,134.1,4.9,8.2,0.1,0.0,38.1,S,0
8835354,0.800,0.34,-0.078,9.919,107.2,5.1,1.2,0.2,0.0,38.1,S,0
8835433,0.553,-3.64,-0.223,9.900,87.3,3.0,-12.7,0.2,0.0,38.1,S,0
8835511,0.167,-4.20,-0.213,10.071,75.5,0.0,-14.7,0.2,0.0,40.6,S,0
8835576,-0.049,-3.53,-0.376,9.561,77.7,0.0,-12.4,0.1,0.0,40.6,S,0
8835652,-0.209,-1.83,-0.174,9.771,83.6,-0.1,-6.4,0.1,0.0,40.6,S,0
8835719,-0.393,-1.59,-0.223,9.446,82.8,-1.6,-5.6,0.0,0.0,40.6,S,0
8835801,-0.659,-2.49,-0.309,9.831,77.3,-3.9,-8.7,-0.1,0.0,40.6,S,0
8835866,-0.592,-0.10,-0.221,9.900,86.2,-3.3,-0.3,-0.1,0.0,40.6,S,0
8835937,-0.659,-0.33,-0.352,9.814,84.7,-3.9,-1.2,-0.2,0.0,40.6,S,0
8836014,-0.717,-1.10,-0.286,10.049,81.4,-4.4,-3.9,-0.3,0.0,40.6,S,0
8836086,-0.626,0.69,-0.211,9.805,88.3,-3.6,2.4,-0.4,0.0,40.6,S,0
8836149,-0.641,0.03,-0.260,10.114,85.8,-3.8,0.1,-0.5,0.0,40.6,S,0
8836219,-0.631,-0.23,-0.251,9.577,84.9,-3.7,-0.8,-0.6,0.0,42.0,S,0
8836293,-0.571,0.29,-0.251,9.958,87.2,-3.1,1.0,-0.7,0.0,42.0,S,0
8836366,-0.421,1.55,-0.239,9.897,92.8,-1.9,5.4,-0.8,0.0,42.0,S,0
8836430,-0.362,1.19,-0.384,9.708,92.0,-1.4,4.2,-0.8,0.0,42.0,S,0
8836519,-0.383,-0.18,-0.249,9.856,86.9,-1.6,-0.6,-0.9,0.0,42.0,S,0
8836594,-0.250,1.37,-0.271,9.851,93.5,-0.4,4.8,-0.9,0.0,42.0,S,0
8836668,-0.111,1.26,-0.282,9.799,93.5,0.0,4.4,-0.9,0.0,42.0,S,0
8836741,-0.063,0.56,-0.301,10.004,91.0,0.0,2.0,-1.0,0.0,42.0,S,0
8836814,-0.089,-0.06,-0.257,9.832,88.8,0.0,-0.2,-1.0,0.0,42.0,S,0
8836885,-0.088,-0.00,-0.147,9.921,89.0,0.0,-0.0,-1.0,0.0,42.0,S,0
8836955,0.077,1.96,-0.312,9.939,95.9,0.0,6.9,-1.0,0.0,40.8,S,0
8837018,3.035,34.08,-0.175,9.203,140.0,33.4,80.0,0.0,0.0,40.8,D,0
8837087,5.177,25.59,-0.322,10.010,160.0,57.0,80.0,0.0,0.0,40.8,D,0
8837154,7.184,32.81,-0.304,10.104,160.0,79.0,80.0,0.0,0.0,40.8,D,0
8837227,9.236,26.85,-0.262,9.296,160.0,101.6,80.0,0.0,0.0,40.8,D,0
8837293,11.873,38.72,-0.145,10.218,160.0,130.6,80.0,0.0,0.0,40.8,D,0
8837366,13.201,18.02,0.294,9.637,160.0,145.2,80.0,0.0,0.0,40.8,D,0
8837446,12.926,1.17,-0.193,9.831,160.0,142.2,14.1,0.0,0.0,40.8,D,0
8837516,12.139,-8.21,-0.288,9.864,143.5,133.5,-80.0,0.0,0.0,40.8,D,0
8837577,11.425,-13.54,-0.250,9.868,135.7,125.7,-80.0,0.0,0.0,40.8,D,0
8837647,10.436,-12.18,-0.388,9.538,124.8,114.8,-80.0,0.0,0.0,43.2,D,0
8837714,9.427,-19.08,-0.461,9.778,113.7,103.7,-80.0,0.0,0.0,43.2,D,0
8837786,7.954,-15.94,-0.648,9.890,97.5,87.5,-80.0,0.0,0.0,43.2,D,0
8837853,6.515,-23.08,-0.014,9.592,81.7,71.7,-80.0,0.0,0.0,43.2,D,0
8837936,4.690,-24.25,-0.405,9.841,61.6,51.6,-80.0,0.0,0.0,43.2,D,0
8838011,3.271,-18.70,-0.119,9.714,46.0,36.0,-80.0,0.0,0.0,43.2,D,0
8838099,1.552,-14.69,-0.373,10.083,27.1,17.1,-80.0,0.0,0.0,43.2,D,0
8838166,0.051,-23.04,-0.013,9.956,20.0,0.6,-80.0,0.0,0.0,43.2,D,0
8838247,-1.456,-19.82,-0.377,9.819,20.0,-16.0,-80.0,0.0,0.0,43.2,D,0
8838311,-2.293,-17.20,-0.201,9.785,20.0,-25.2,-80.0,0.0,0.0,43.2,D,0
8838381,-3.105,-10.87,-0.265,9.840,20.0,-34.2,-80.0,0.0,0.0,41.0,D,0
8838444,-3.776,-13.18,-0.290,9.882,20.0,-41.5,-80.0,0.0,0.0,41.0,D,0
8838515,-4.215,-6.06,-0.292,9.806,20.0,-46.4,-72.7,0.0,0.0,41.0,D,0
8838584,-4.696,-9.02,-0.281,9.917,20.0,-51.7,-80.0,0.0,0.0,41.0,D,0
8838655,-4.915,-3.37,-0.253,9.877,20.0,-54.1,-40.4,0.0,0.0,41.0,D,0
8838719,-4.868,-0.33,-0.250,9.852,32.4,-53.5,-4.0,0.0,0.0,41.0,D,0
8838790,-4.920,-0.97,-0.407,9.759,24.3,-54.1,-11.6,0.0,0.0,41.0,D,0
8838856,-4.601,3.49,-0.063,10.048,70.5,-50.6,41.9,0.0,0.0,41.0,D,0
8838926,-4.251,3.82,-0.254,9.718,89.1,-46.8,45.9,0.0,0.0,41.0,D,0
8838987,-3.854,5.63,-0.213,9.592,115.2,-42.4,67.5,0.0,0.0,41.0,D,0
8839059,-3.327,4.98,-0.278,9.888,113.1,-36.6,59.7,0.0,0.0,44.4,D,0
8839121,-2.754,7.75,-0.159,10.503,139.7,-30.3,80.0,0.0,0.0,44.4,D,0
8839205,-1.984,8.53,-0.270,9.471,148.2,-21.8,80.0,0.0,0.0,44.4,D,0
8839281,-1.359,7.40,-0.275,10.599,155.1,-14.9,80.0,0.0,0.0,44.4,D,0
8839351,-0.879,5.75,-0.282,9.740,149.3,-9.7,68.9,0.0,0.0,44.4,D,0
8839419,-0.673,4.80,-0.020,9.635,142.5,-4.0,16.8,-0.0,0.0,44.4,S,0
8839496,-0.424,2.15,-0.211,9.654,115.6,-1.9,7.5,-0.1,0.0,44.4,S,0
8839569,-0.367,1.74,-0.256,9.746,94.5,-1.4,6.1,-0.1,0.0,44.4,S,0
8839637,-0.396,0.76,-0.227,9.987,90.8,-1.7,2.6,-0.2,0.0,44.4,S,0
8839700,-0.555,-1.55,-0.322,9.752,81.3,-3.0,-5.4,-0.2,0.0,44.4,S,0
8839779,-0.601,-0.33,-0.331,9.930,85.1,-3.4,-1.1,-0.3,0.0,42.0,S,0
8839846,-0.887,-3.41,-0.300,9.858,72.0,-5.8,-11.9,-0.3,0.0,42.0,S,0
8839917,-0.851,-0.58,-0.297,9.804,82.0,-5.5,-2.0,-0.5,0.0,42.0,S,0
8839981,-0.817,-0.23,-0.214,9.823,83.4,-5.2,-0.8,-0.6,0.0,42.0,S,0
8840056,-0.760,0.89,-0.224,9.921,87.7,-4.8,3.1,-0.7,0.0,42.0,S,0
8840119,-0.760,0.17,-0.281,9.979,85.0,-4.8,0.6,-0.8,0.0,42.0,S,0
8840191,-0.594,1.65,-0.312,9.849,91.5,-3.4,5.8,-0.9,0.0,42.0,S,0
8840256,-0.561,0.50,-0.113,9.852,87.7,-3.1,1.8,-0.9,0.0,42.0,S,0
8840329,-0.496,0.75,-0.232,9.584,89.1,-2.5,2.6,-1.0,0.0,42.0,S,0
8840397,-0.365,1.65,-0.322,9.776,93.3,-1.4,5.8,-1.1,0.0,42.0,S,0
8840477,-0.303,0.76,-0.341,9.886,90.7,-0.9,2.7,-1.1,0.0,43.0,S,0
8840554,-0.258,1.21,-0.144,9.852,92.5,-0.5,4.2,-1.2,0.0,43.0,S,0
8840630,-0.179,0.84,-0.300,9.871,91.7,0.0,3.0,-1.2,0.0,43.0,S,0
8840701,-0.143,0.64,-0.181,10.006,91.0,0.0,2.3,-1.2,0.0,43.0,S,0
8840785,-0.144,0.06,-0.358,9.844,89.0,0.0,0.2,-1.3,0.0,43.0,S,0
8840861,-0.150,-0.02,-0.194,9.888,88.7,0.0,-0.1,-1.3,0.0,43.0,S,0
8840937,-0.145,-0.63,-0.275,9.875,86.5,0.0,-2.2,-1.3,0.0,43.0,S,0
8841010,-0.165,-0.66,-0.254,9.852,86.4,0.0,-2.3,-1.3,0.0,43.0,S,0
8841080,-0.146,-0.59,-0.244,9.803,86.6,0.0,-2.1,-1.3,0.0,43.0,S,0
8841146,-0.077,0.33,-0.270,9.957,89.8,0.0,1.2,-1.3,0.0,43.0,S,0
8841221,-0.162,-0.98,-0.250,9.858,85.2,0.0,-3.4,-1.4,0.0,40.1,S,0
8841297,-0.144,-0.42,-0.254,10.110,87.2,0.0,-1.5,-1.4,0.0,40.1,S,0
8841367,-0.087,0.54,-0.230,9.902,90.5,0.0,1.9,-1.4,0.0,40.1,S,0
8841437,-0.074,0.58,-0.187,9.884,90.6,0.0,2.0,-1.4,0.0,40.1,S,0
8841514,-0.099,0.19,-0.285,9.834,89.3,0.0,0.7,-1.4,0.0,40.1,S,0
8841598,-0.083,0.15,-0.267,9.799,89.1,0.0,0.5,-1.4,0.0,40.1,S,0
8841667,-0.160,-1.06,-0.390,9.793,84.8,0.0,-3.7,-1.4,0.0,40.1,S,0
8841733,-0.077,0.38,-0.190,9.869,89.9,0.0,1.3,-1.5,0.0,40.1,S,0
8841801,-0.101,0.22,-0.248,9.791,89.3,0.0,0.8,-1.5,0.0,40.1,S,0
8841868,-0.075,0.76,-0.214,9.717,91.2,0.0,2.7,-1.5,0.0,40.1,S,0
8841937,-0.151,-0.69,-0.258,9.744,86.1,0.0,-2.4,-1.5,0.0,41.6,S,0
8842008,-0.150,-0.84,-0.255,9.867,85.5,0.0,-2.9,-1.5,0.0,41.6,S,0
8842077,-0.078,0.27,-0.258,9.903,89.4,0.0,1.0,-1.5,0.0,41.6,S,0
8842142,-0.162,-1.26,-0.159,10.052,84.1,0.0,-4.4,-1.5,0.0,41.6,S,0
8842211,-0.083,0.92,-0.153,9.805,91.7,0.0,3.2,-1.6,0.0,41.6,S,0
8842282,-0.079,0.17,-0.316,10.031,89.0,0.0,0.6,-1.6,0.0,41.6,S,0
8842354,-0.161,-1.07,-0.288,9.949,84.7,0.0,-3.7,-1.6,0.0,41.6,S,0
8842424,-0.078,0.34,-0.154,9.894,89.6,0.0,1.2,-1.6,0.0,41.6,S,0
8842495,-0.085,-0.01,-0.251,9.791,88.4,0.0,-0.0,-1.6,0.0,41.6,S,0
8842570,-0.088,-0.00,-0.246,9.963,88.4,0.0,-0.0,-1.6,0.0,41.6,S,0
8842649,-0.086,0.00,-0.281,9.824,88.4,0.0,0.0,-1.6,0.0,42.7,S,0
8842719,-0.086,0.00,-0.294,9.883,88.3,0.0,0.0,-1.7,0.0,42.7,S,0
8842787,-0.154,-0.65,-0.225,9.861,86.1,0.0,-2.3,-1.7,0.0,42.7,S,0
8842855,-0.150,-0.96,-0.255,10.317,85.0,0.0,-3.3,-1.7,0.0,42.7,S,0
8842927,-0.082,0.91,-0.243,10.046,91.5,0.0,3.2,-1.7,0.0,42.7,S,0
8842994,-0.154,-0.98,-0.155,9.920,84.8,0.0,-3.4,-1.7,0.0,42.7,S,0
8843078,-0.156,-0.14,-0.269,9.581,87.8,0.0,-0.5,-1.8,0.0,42.7,S,0
8843164,-0.147,0.02,-0.395,10.035,88.3,0.0,0.1,-1.8,0.0,42.7,S,0
8843256,-0.158,-0.31,-0.513,10.743,87.1,0.0,-1.1,-1.8,0.0,42.7,S,0
8843331,-0.073,0.48,-0.272,9.915,89.9,0.0,1.7,-1.8,0.0,42.7,S,0
8843409,-0.161,-0.99,-0.304,9.311,84.7,0.0,-3.5,-1.8,0.0,39.3,S,0
8843482,0.465,7.65,0.075,7.800,105.0,2.2,26.8,-1.5,0.0,39.3,S,0
8843552,1.125,9.00,-0.945,9.215,125.6,7.9,31.5,-0.9,0.0,39.3,S,0
8843620,2.086,14.51,0.414,12.025,160.0,22.9,80.0,0.0,-1.0,39.3,D,0
8843691,3.046,11.57,-1.597,9.549,160.0,33.5,80.0,0.0,-1.3,39.3,D,0
8843756,3.918,12.10,-0.770,8.960,160.0,43.1,80.0,0.0,0.0,39.3,D,0
8843827,5.073,13.79,-0.754,9.511,160.0,55.8,80.0,0.0,0.0,39.3,D,0
8843907,5.485,7.73,-0.982,11.101,160.0,60.3,80.0,0.0,0.0,39.3,D,0
8843975,6.063,8.33,-0.312,9.180,160.0,66.7,80.0,0.0,-1.3,39.3,D,0
8844048,6.185,2.66,1.367,7.312,160.0,68.0,31.9,0.0,-5.4,39.3,D,0
8844127,6.171,0.87,0.726,10.613,160.0,67.9,10.5,0.0,-0.7,41.8,D,0
8844203,5.529,-6.47,-0.983,7.088,106.8,60.8,-77.6,0.0,-1.4,41.8,D,0
8844282,4.760,-9.29,-1.980,9.970,62.4,52.4,-80.0,0.0,0.0,41.8,D,0
8844348,3.843,-15.40,-1.482,9.382,52.3,42.3,-80.0,0.0,0.0,41.8,D,0
8844420,2.915,-11.51,-2.712,10.105,42.1,32.1,-80.0,0.0,0.0,41.8,D,0
8844496,1.486,-18.45,1.718,11.247,23.1,16.3,-80.0,0.0,-3.3,41.8,D,0
8844566,0.444,-14.76,0.428,11.490,20.0,4.9,-80.0,0.0,-0.4,41.8,D,0
8844629,-0.620,-19.38,0.948,9.403,20.0,-6.8,-80.0,0.0,-4.9,41.8,D,0
8844713,-1.877,-12.80,0.826,9.458,20.0,-20.6,-80.0,0.0,-3.1,41.8,D,0
8844785,-3.293,-17.70,1.004,9.960,20.0,-36.2,-80.0,0.0,-0.4,41.8,D,0
8844866,-4.639,-17.18,-0.138,9.862,20.0,-51.0,-80.0,0.0,0.0,40.8,D,0
8844929,-5.481,-16.19,-0.778,9.957,20.0,-60.3,-80.0,0.0,0.0,40.8,D,0
8844999,-6.353,-11.00,-0.201,9.789,20.0,-69.9,-80.0,0.0,0.0,40.8,D,0
8845066,-6.779,-8.82,-0.111,9.869,20.0,-74.6,-80.0,0.0,0.0,40.8,D,0
8845149,-7.092,-3.16,-0.251,9.937,20.0,-78.0,-37.9,0.0,0.0,40.8,D,0
8845219,-7.326,-4.44,-0.525,9.776,20.0,-80.6,-53.3,0.0,0.0,40.8,D,0
8845287,-7.211,0.41,-0.312,9.919,20.0,-79.3,4.9,0.0,0.0,40.8,D,0
8845358,-6.880,5.45,-0.204,9.882,40.1,-75.7,65.4,0.0,0.0,40.8,D,0
8845432,-6.453,5.16,-0.296,9.793,80.9,-71.0,61.9,0.0,0.0,40.8,D,0
8845497,-5.849,10.92,-0.084,9.942,91.4,-64.3,80.0,0.0,0.0,40.8,D,0
8845569,-5.162,8.36,-0.187,10.096,113.2,-56.8,80.0,0.0,0.0,42.2,D,0
8845637,-4.109,18.38,-0.403,9.961,124.8,-45.2,80.0,0.0,0.0,42.2,D,0
8845714,-3.487,7.94,-0.170,9.692,131.6,-38.4,80.0,0.0,0.0,42.2,D,0
8845781,-2.224,17.81,-0.261,10.073,145.5,-24.5,80.0,0.0,0.0,42.2,D,0
8845856,-1.287,11.48,-0.243,10.054,155.8,-14.2,80.0,0.0,0.0,42.2,D,0
8845921,-0.472,11.96,-0.318,9.696,160.0,-5.2,80.0,0.0,0.0,42.2,D,0
8846000,0.365,7.12,-0.213,10.236,160.0,4.0,80.0,0.0,0.0,42.2,D,0
8846067,1.353,11.57,-0.450,9.815,160.0,14.9,80.0,0.0,0.0,42.2,D,0
8846146,1.865,6.84,-0.290,9.997,160.0,20.5,80.0,0.0,0.0,42.2,D,0
8846212,2.138,4.23,-0.199,9.979,160.0,23.5,50.7,0.0,0.0,42.2,D,0
8846284,2.171,1.44,-0.353,9.848,131.1,23.9,17.3,0.0,0.0,42.1,D,0
8846349,2.068,-1.39,-0.405,9.891,104.4,22.7,-16.6,0.0,0.0,42.1,D,0
8846421,2.146,0.28,-0.276,9.190,116.9,23.6,3.3,0.0,0.0,42.1,D,0
8846484,1.975,-1.65,-0.328,10.056,92.0,21.7,-19.8,0.0,0.0,42.1,D,0
8846553,1.699,-3.30,-0.206,10.171,69.1,18.7,-39.6,0.0,0.0,42.1,D,0
8846630,1.348,-4.44,-0.433,9.681,82.1,9.8,-15.5,0.0,0.0,42.1,S,0
8846704,1.024,-4.06,-0.263,10.116,82.8,7.0,-14.2,0.0,0.0,42.1,S,0
8846784,0.751,-3.79,-0.327,10.018,81.5,4.7,-13.3,0.1,0.0,42.1,S,0
8846857,0.578,-2.96,-0.247,9.738,83.0,3.2,-10.4,0.1,0.0,42.1,S,0
8846922,0.406,-2.92,-0.301,9.766,81.7,1.7,-10.2,0.1,0.0,42.1,S,0
8846991,0.383,-0.47,-0.340,9.799,90.1,1.6,-1.6,0.2,0.0,42.3,S,0
8847060,0.185,-1.37,-0.423,9.888,85.4,0.0,-4.8,0.2,0.0,42.3,S,0
8847142,0.130,-0.77,-0.346,9.918,87.5,0.0,-2.7,0.2,0.0,42.3,S,0
8847215,0.146,0.29,-0.428,9.861,91.3,0.0,1.0,0.2,0.0,42.3,S,0
8847292,0.166,0.13,-0.227,10.108,90.7,0.0,0.5,0.3,0.0,42.3,S,0
8847358,0.155,0.78,-0.385,10.108,93.0,0.0,2.7,0.3,0.0,42.3,S,0
8847426,0.163,0.79,-0.904,9.634,93.0,0.0,2.8,0.3,0.0,42.3,S,0
8847491,0.167,0.14,1.126,10.563,88.2,0.0,0.5,0.3,-2.6,42.3,S,0
8847563,-0.076,-2.73,-1.386,9.869,80.4,0.0,-9.6,0.3,-0.3,42.3,S,0
8847626,-0.357,-4.47,0.022,9.620,73.2,-1.3,-15.6,0.2,0.0,42.3,S,0
8847695,-0.686,-3.99,0.500,9.641,70.7,-4.1,-14.0,0.1,-1.3,42.6,S,0
8847764,-1.376,-6.67,-1.074,6.426,22.4,-15.1,-80.0,0.0,0.0,42.6,D,0
8847848,-2.033,-6.62,0.019,10.969,20.0,-22.4,-79.5,0.0,0.0,42.6,D,0
8847919,-2.799,-12.22,2.718,8.604,20.0,-30.8,-80.0,0.0,-7.5,42.6,D,0
8847999,-3.479,-7.57,-1.022,8.093,20.0,-38.3,-80.0,0.0,-0.9,42.6,D,0
8848070,-3.738,-6.29,-0.773,9.489,20.0,-41.1,-75.5,0.0,0.0,42.6,D,0
8848152,-4.172,-5.13,-1.877,12.917,20.0,-45.9,-61.6,0.0,0.0,42.6,D,0
8848219,-4.076,0.04,-0.599,8.217,33.5,-44.8,0.5,0.0,0.0,42.6,D,0
8848288,-4.039,0.89,3.056,5.798,46.0,-44.4,10.7,0.0,-10.2,42.6,D,0
8848357,-3.413,7.98,1.193,10.525,94.3,-37.5,80.0,0.0,-6.7,42.6,D,0
8848426,-2.900,6.61,0.321,6.178,136.5,-31.9,79.3,0.0,-0.8,41.0,D,0
8848491,-2.323,9.66,-1.274,8.752,143.6,-25.5,80.0,0.0,-0.8,41.0,D,0
8848559,-1.824,6.34,-2.909,9.389,146.0,-20.1,76.1,0.0,0.0,41.0,D,0
8848625,-0.970,11.70,-0.178,9.172,159.3,-10.7,80.0,0.0,0.0,41.0,D,0
8848697,-0.525,5.64,-0.446,8.185,151.9,-5.8,67.7,0.0,0.0,41.0,D,0
8848769,0.341,12.38,-0.488,8.581,160.0,3.8,80.0,0.0,0.0,41.0,D,0
8848856,1.000,7.09,-0.770,10.598,160.0,11.0,80.0,0.0,0.0,41.0,D,0
8848919,1.506,8.11,-1.001,7.609,160.0,16.6,80.0,0.0,0.0,41.0,D,0
8848990,1.671,2.88,1.223,12.378,143.2,18.4,34.5,0.0,-2.1,41.0,D,0
8849058,1.910,2.30,0.582,10.115,142.0,21.0,27.5,0.0,0.0,41.0,D,0
8849135,1.989,1.45,0.104,10.875,129.3,21.9,17.4,0.0,0.0,42.8,D,0
8849207,2.048,1.06,-0.103,8.879,125.3,22.5,12.7,0.0,0.0,42.8,D,0
8849277,2.028,-0.26,-0.614,8.515,113.0,22.3,-3.1,0.0,0.0,42.8,D,0
8849338,2.075,0.67,-0.848,9.605,118.2,22.8,8.1,0.0,0.0,42.8,D,0
8849411,2.243,1.91,-0.396,9.894,137.6,24.7,22.9,0.0,0.0,42.8,D,0
8849475,2.440,2.46,0.157,9.757,146.3,26.8,29.5,0.0,0.0,42.8,D,0
8849545,2.464,0.98,-0.203,9.400,128.9,27.1,11.8,0.0,0.0,42.8,D,0
8849615,2.453,0.11,-0.477,9.820,118.3,27.0,1.3,0.0,0.0,42.8,D,0
8849692,2.520,0.88,-0.270,9.696,128.3,27.7,10.6,0.0,0.0,42.8,D,0
8849757,2.272,-2.02,-0.315,9.795,90.8,25.0,-24.2,0.0,0.0,42.8,D,0
8849830,1.991,-2.18,-0.078,10.301,85.7,21.9,-26.2,0.0,0.0,42.9,D,0
8849893,1.534,-7.97,-0.291,10.179,62.5,16.9,-80.0,0.0,0.0,42.9,D,0
8849965,1.299,-3.58,-0.326,10.055,63.5,9.3,-12.5,0.0,0.0,42.9,S,0
8850034,0.897,-5.10,-0.335,9.555,78.1,5.9,-17.8,0.0,0.0,42.9,S,0
8850115,0.769,-2.17,-0.306,9.893,87.3,4.8,-7.6,0.0,0.0,42.9,S,0
8850184,0.436,-3.70,-0.307,10.267,79.1,2.0,-12.9,0.0,0.0,42.9,S,0
8850260,0.359,-1.14,-0.185,9.861,87.5,1.3,-4.0,0.1,0.0,42.9,S,0
8850325,0.248,-2.04,-0.246,9.812,83.4,0.4,-7.2,0.1,0.0,42.9,S,0
8850398,0.035,-2.07,-0.275,10.000,82.9,0.0,-7.2,0.1,0.0,42.9,S,0
8850480,0.090,-0.04,-0.142,9.682,90.0,0.0,-0.1,0.1,0.0,42.9,S,0
8850551,0.033,-0.58,-0.261,9.980,88.1,0.0,-2.0,0.1,0.0,41.6,S,0
8850626,0.031,-0.10,-0.220,9.630,89.8,0.0,-0.3,0.1,0.0,41.6,S,0
8850702,0.037,0.02,-0.270,9.705,90.2,0.0,0.1,0.1,0.0,41.6,S,0
8850771,0.036,0.00,-0.306,9.878,90.1,0.0,0.0,0.1,0.0,41.6,S,0
8850850,0.036,-0.00,-0.264,10.079,90.2,0.0,-0.0,0.2,0.0,41.6,S,0
8850916,0.036,0.00,-0.312,9.970,90.2,0.0,0.0,0.2,0.0,41.6,S,0
8850990,0.036,0.00,-0.563,9.843,90.2,0.0,0.0,0.2,0.0,41.6,S,0
8851062,0.036,-0.00,-0.087,9.921,90.2,0.0,-0.0,0.2,0.0,41.6,S,0
8851136,0.036,0.00,-1.164,9.218,90.2,0.0,0.0,0.2,0.0,41.6,S,0
8851210,0.036,0.00,-1.003,10.131,90.2,0.0,0.0,0.2,0.0,41.6,S,0
8851286,0.263,2.23,-0.641,10.523,98.6,0.5,7.8,0.2,0.0,41.0,S,0
8851359,0.562,3.63,0.507,10.312,105.9,3.1,12.7,0.2,0.0,41.0,S,0
8851429,1.043,4.06,-0.331,9.092,111.5,7.2,14.2,0.1,0.0,41.0,S,0
8851495,1.630,8.50,0.746,13.422,128.2,12.2,29.8,0.1,0.0,41.0,S,0
8851571,2.124,5.04,0.867,8.898,124.0,16.4,17.6,0.0,0.0,41.0,S,0
8851685,2.910,7.39,-0.650,9.793,160.0,32.0,80.0,0.0,0.0,41.0,D,0
8851801,3.542,5.38,-0.318,10.731,160.0,39.0,64.6,0.0,0.0,41.0,D,0
8851883,3.418,-0.21,0.495,9.002,146.1,37.6,-2.5,0.0,-1.4,41.0,D,0
8851958,2.770,-7.01,1.128,11.597,93.6,30.5,-80.0,0.0,-3.4,41.0,D,0
8852031,1.523,-15.40,0.469,9.592,42.5,16.8,-80.0,0.0,-0.4,41.0,D,0
8852104,0.355,-13.23,-0.603,10.187,20.0,3.9,-80.0,0.0,0.0,36.5,D,0
8852169,-1.077,-19.26,-0.543,10.497,20.0,-11.8,-80.0,0.0,0.0,36.5,D,0
8852239,-2.422,-14.74,-0.054,10.342,20.0,-26.6,-80.0,0.0,0.0,36.5,D,0
8852301,-3.475,-15.85,-0.280,9.240,20.0,-38.2,-80.0,0.0,0.0,36.5,D,0
8852368,-4.541,-13.19,-0.472,10.024,20.0,-50.0,-80.0,0.0,0.0,36.5,D,0
8852432,-5.413,-14.72,-0.256,10.007,20.0,-59.5,-80.0,0.0,0.0,36.5,D,0
8852500,-6.178,-9.90,-0.056,9.949,20.0,-68.0,-80.0,0.0,0.0,36.5,D,0
8852564,-6.888,-12.39,-0.339,9.784,20.0,-75.8,-80.0,0.0,0.0,36.5,D,0
8852635,-7.082,-5.29,-0.342,9.800,20.0,-77.9,-63.5,0.0,0.0,36.5,D,0
8852703,-7.112,-1.90,-0.315,9.951,20.0,-78.2,-22.7,0.0,0.0,36.5,D,0
8852772,-7.154,-0.46,-0.214,9.900,20.0,-78.7,-5.5,0.0,0.0,44.8,D,0
8852843,-6.984,2.33,-0.187,9.802,36.1,-76.8,28.0,0.0,0.0,44.8,D,0
8852916,-6.671,4.17,-0.298,9.446,65.4,-73.4,50.1,0.0,0.0,44.8,D,0
8852983,-6.217,7.08,-0.222,9.810,74.5,-68.4,80.0,0.0,0.0,44.8,D,0
8853064,-5.398,7.51,-0.303,10.134,110.6,-59.4,80.0,0.0,0.0,44.8,D,0
8853131,-4.670,10.77,-0.142,10.222,118.6,-51.4,80.0,0.0,0.0,44.8,D,0
8853210,-3.816,9.62,-0.064,10.353,128.0,-42.0,80.0,0.0,0.0,44.8,D,0
8853285,-3.047,9.59,-0.316,10.280,136.5,-33.5,80.0,0.0,0.0,44.8,D,0
8853362,-2.281,7.76,-0.392,9.800,144.9,-25.1,80.0,0.0,0.0,44.8,D,0
8853426,-1.581,11.35,-0.020,9.554,152.6,-17.4,80.0,0.0,0.0,44.8,D,0
8853492,-1.319,4.55,-0.266,10.082,146.3,-9.5,15.9,0.0,0.0,41.6,S,0
8853556,-0.726,7.66,-0.324,9.698,123.9,-4.5,26.8,0.0,0.0,41.6,S,0
8853631,-0.547,3.27,-0.318,9.559,98.5,-3.0,11.4,0.0,0.0,41.6,S,0
8853699,-0.489,1.95,-0.485,9.680,94.3,-2.5,6.8,-0.1,0.0,41.6,S,0
